VISIT_DATE,VISIT_YEAR,VISIT_MONTH,VISIT_WEEK,VISIT_DAY,ENCOUNTERCLASS,GENDER,CITY,STATE,COUNTRY,LAT,LON,SEASON,COMORBIDITY_COUNT,AGE_AT_VISIT,DISEASE,VISIT_NUMBER,sym_fever,sym_chills,sym_headache,sym_fatigue,sym_vomiting,sym_diarrhea,sym_cough,sym_shortness_of_breath,sym_chest_pain,sym_rash,sym_muscle_pain,sym_abdominal_pain,sym_night_sweats,sym_weight_loss,sym_jaundice,sym_stiff_neck,sym_sensitivity_to_light,sym_red_eyes,sym_runny_nose,sym_sore_throat,sym_hemorrhage,sym_sweating,sym_dehydration,sym_muscle_cramps,sym_loss_of_smell,sym_swollen_lymph_nodes,sym_pain_behind_eyes,sym_general_weakness,IS_OUTBREAK,HOSPITAL_NAME,CITY_ENC,COUNTRY_ENC,DISEASE_ENC,SEASON_ENC,GENDER_ENC,AGE_AT_VISIT_NORM,LAT_NORM,LON_NORM,COMORBIDITY_COUNT_NORM,DAY_INDEX,DAY_INDEX_NORM,RECENT_CASE_COUNT,RECENT_CASE_COUNT_NORM,if_pred,if_score,pca_0,pca_1,pca_2,pca_3,pca_4,pca_5,pca_6,pca_7,dbscan_score,dbscan_pred
2024-08-15 18:06:28,2024,8,33,228,ambulatory,M,Addis Ababa,Addis Ababa,Ethiopia,9.032,38.7469,Dry_Season,1,14.009582477754964,Dengue fever,56.0,1,0,1,1,0,0,0,0,0,1,1,0,0,0,0,0,0,0,0,0,0,0,0,0,0,0,1,0,0,Hospital_Addis Ababa,2,4,2,1,1,-1.3317040168350538,-0.1877668626323208,1.0835446800786666,-0.6424292256459163,8993.0,1.084931837374834,20.0,-0.3106055152678862,0,0.093203699429665,-0.8711386776369345,-0.0123250944838986,0.0608752983470498,0.3188066521082528,0.7097670381935527,0.5046755458921027,0.0135895097528334,0.1753392885608108,14.413669064748202,0
2024-08-15 18:14:44,2024,8,33,228,ambulatory,M,Douala,Littoral Region,Cameroon,4.0511,9.7679,Dry_Season,1,65.44832306639289,Typhoid fever,27.0,1,0,1,1,0,0,0,0,0,1,0,1,0,1,0,0,0,0,0,0,0,0,0,0,0,0,0,0,0,Hospital_Douala,20,1,17,1,1,0.7814490851125923,-0.4585949473665816,-0.8670983588227072,-0.6424292256459163,8993.0,1.084931837374834,8.0,-0.4331529343466367,0,0.0947443111517102,-0.6772739739300015,0.2321606567493555,-0.2449454017678793,-0.7516089510509593,0.8824922132819543,0.2511285361725429,-0.1736843865125924,0.2345666282083143,7.646575342465753,0
2024-08-15 18:17:03,2024,8,33,228,ambulatory,F,Kinshasa,Kinshasa,DRC,-4.4419,15.2663,Dry_Season,10,100.0,Meningitis,245.0,1,0,1,0,1,0,0,0,1,0,0,0,0,0,0,0,1,0,0,0,0,0,0,0,0,1,0,0,0,Hospital_Kinshasa,37,2,12,1,0,2.200865316035484,-0.9203875799526756,-0.4969884280074508,2.783545039712296,8993.0,1.084931837374834,116.0,0.6697738373621183,0,0.0353230793742901,-0.0510489634116153,-0.5635558943631194,-0.8374711735603076,-0.1196691845858945,-0.343059606097176,-0.4326663189903125,0.1399421328382527,0.0359730770862972,89.33411764705882,0
2024-08-15 18:17:14,2024,8,33,228,ambulatory,M,Kumasi,Ashanti,Ghana,6.6885,-1.6244,Dry_Season,1,11.058179329226558,Meningitis,30.0,1,0,1,0,0,1,0,0,0,0,0,0,0,0,0,1,0,0,0,0,0,0,0,0,0,0,0,0,0,Hospital_Kumasi,39,5,12,1,1,-1.4529505062910668,-0.3151907451785956,-1.6339402337002435,-0.6424292256459163,8993.0,1.084931837374834,57.0,0.0672490268915946,0,0.1161402171615029,0.1319283427961238,-0.3199271371918686,-0.8968773551258253,0.1987762798601012,0.179207521144735,0.0929628076182421,-0.5494038868597964,0.0006918311062773,34.06724003127443,0
2024-08-15 18:18:26,2024,8,33,228,ambulatory,F,Dakar,Dakar Region,Senegal,14.7167,-17.4677,Dry_Season,2,29.418206707734427,Meningitis,55.0,1,1,1,0,1,0,0,0,1,0,0,0,0,0,0,1,1,0,0,0,0,0,0,0,0,0,1,0,0,Hospital_Dakar,14,11,12,1,0,-0.6987028640906773,0.1213291668581028,-2.700389140088529,-0.2617654183838928,8993.0,1.084931837374834,66.0,0.1591595912006576,0,0.0416278818257436,-0.2327032705124319,-1.084856240824677,-0.9165742223592692,-0.1415070678824408,-0.6656273361083529,-0.4302389259062942,-0.0253830247893034,0.0259295480381308,52.11552535284893,0
2024-08-15 18:18:34,2024,8,33,228,ambulatory,F,Tunis,Tunis Governorate,Tunisia,36.819,10.1658,Dry_Season,1,37.11156741957564,Diarrheal disease,39.0,0,0,0,0,0,1,0,0,0,0,0,1,0,0,0,0,0,0,0,0,0,0,1,0,0,0,0,0,0,Hospital_Tunis,61,15,3,1,0,-0.3826521819279727,1.3231046647042854,-0.8403147960641972,-0.6424292256459163,8993.0,1.084931837374834,6.0,-0.4535775041930952,0,0.1119508351215459,1.293765149092049,0.3522505213784388,0.0257797531882324,-0.2173329902724134,0.7138259408986208,0.3751704777028618,-0.3996846240159932,0.2987892916166322,2.831460674157303,0
2024-08-15 18:19:21,2024,8,33,228,ambulatory,M,Mansoura,Dakahlia Governorate,Egypt,31.0409,31.3785,Dry_Season,10,100.0,Meningitis,513.0,1,0,1,0,1,0,0,0,0,0,0,0,0,0,0,0,1,0,0,0,0,0,0,0,0,0,0,0,0,Hospital_Mansoura,44,3,12,1,1,2.200865316035484,1.0089301668418444,0.587560754896953,2.783545039712296,8993.0,1.084931837374834,53.0,0.0263998871986778,0,0.1068694722904544,-0.0269431536938337,-0.7130331920534339,-0.8497432144359752,0.0038043583262256,-0.126261016390601,-0.2683597343396854,0.2455249916274348,-0.0336170428444203,38.823479729729726,0
2024-08-15 18:20:26,2024,8,33,228,ambulatory,F,Lubumbashi,Haut-Katanga,DRC,-11.6609,27.4794,Dry_Season,1,28.76659822039699,Pneumonia,61.0,1,0,0,0,0,0,1,1,1,0,0,0,1,0,0,0,0,0,1,0,0,0,0,0,1,0,0,0,0,Hospital_Lubumbashi,41,2,14,1,0,-0.7254715695549917,-1.3129085989847038,0.3251033797984213,-0.6424292256459163,8993.0,1.084931837374834,12.0,-0.3923037946537199,0,0.0103795017457539,-0.1997948670453422,1.2131245359697578,-0.3316697052352229,-0.3317506584899995,-1.048897512656188,0.1179646769228713,-0.0330302612560174,-0.2059193720728253,5.715063520871143,0
2024-08-15 18:21:00,2024,8,33,228,ambulatory,F,Zagazig,Sharqia Governorate,Egypt,30.5877,31.5021,Dry_Season,1,4.963723477070499,Measles,21.0,1,0,0,0,0,0,1,0,0,1,1,1,0,0,0,0,0,1,1,0,0,0,0,0,0,0,0,0,0,Hospital_Zagazig,63,3,11,1,0,-1.7033166338690664,0.9842881768397233,0.5958805547385007,-0.6424292256459163,8993.0,1.084931837374834,3.0,-0.4842143589627828,0,0.0127596229416281,-0.3739922862219988,0.8960491165838961,-0.2509571511437495,0.0297636037153212,0.0229168148279604,1.4992533319751478,0.9641396254567188,0.419133940329452,1.9385474860335197,0
2024-08-15 18:23:51,2024,8,33,228,ambulatory,F,Johannesburg,Gauteng,South Africa,-26.2041,28.0473,Cool_Dry,1,13.859000684462696,HIV/AIDS,42.0,0,0,0,1,0,0,0,0,0,0,0,0,0,1,0,0,0,0,0,0,0,0,0,0,0,1,0,0,0,Hospital_Johannesburg,31,12,5,0,0,-1.337890062215463,-2.103670710632659,0.363330032953882,-0.6424292256459163,8993.0,1.084931837374834,23.0,-0.2799686604981986,0,0.0790653346976517,0.1009758566036351,0.6348914586306393,0.2993098748240543,-0.526242495895308,0.1453148255079826,-0.3875899641869438,-0.4701817246132261,0.4329967579675844,21.31877729257642,0
2024-08-15 18:24:35,2024,8,33,228,ambulatory,M,Douala,Littoral Region,Cameroon,4.0511,9.7679,Dry_Season,2,51.64955509924709,Typhoid fever,27.0,1,0,1,1,0,0,0,1,0,0,0,0,0,0,0,1,1,0,0,0,0,0,0,0,0,0,1,0,0,Hospital_Douala,20,1,17,1,1,0.2145823811624037,-0.4585949473665816,-0.8670983588227072,-0.2617654183838928,8993.0,1.084931837374834,9.0,-0.4229406494234076,0,0.053468882034691,-0.7000771330455744,-0.1964980636820799,-0.9227400995097664,-0.1210539392939009,0.2768072744369842,-0.5935951393120057,-0.4799054841211714,-0.4904738196479012,7.646575342465753,0
2024-08-15 18:25:44,2024,8,33,228,ambulatory,M,Lagos,Lagos State,Nigeria,6.5244,3.3792,Dry_Season,3,42.43668720054757,Meningitis,174.0,1,0,1,0,1,0,0,0,1,0,0,1,0,0,0,1,1,0,0,0,0,0,0,0,0,0,0,0,0,Hospital_Lagos,40,10,12,1,1,-0.1638911225662438,-0.3241134074896021,-1.2971364271697587,0.1188983888781307,8993.0,1.084931837374834,188.0,1.4050583518346214,0,0.0570566534444029,-0.0730449511332715,-0.7153996621904866,-1.3164533587360592,-0.3939568599079938,0.0578131859520675,-0.5589164718260865,0.2926710273295606,0.2213477836560811,148.94046721929163,0
2024-08-15 18:27:00,2024,8,33,228,wellness,M,Cairo,Cairo Governorate,Egypt,30.0444,31.2357,Dry_Season,1,6.976043805612594,Measles,23.0,1,0,1,0,1,0,1,0,0,1,0,0,0,0,0,0,0,1,1,0,0,0,0,0,0,0,0,0,0,Hospital_Cairo,11,3,11,1,1,-1.6206485728763305,0.9547471504316192,0.5779485589635146,-0.6424292256459163,8993.0,1.084931837374834,15.0,-0.3616669398840323,0,0.0390321277994059,-0.2324510782377185,0.1241528152734636,-0.6671661722023412,0.0526920869967124,-0.5333320931928565,0.8798719540863126,1.0214824967675016,-0.5811026823413417,17.68238805970149,0
2024-08-15 18:27:34,2024,8,33,228,ambulatory,F,Addis Ababa,Addis Ababa,Ethiopia,9.032,38.7469,Dry_Season,1,16.479123887748116,Meningitis,79.0,1,0,1,0,0,0,0,0,0,0,1,0,0,0,0,1,0,0,0,0,0,0,0,0,0,0,0,0,0,Hospital_Addis Ababa,2,4,12,1,0,-1.23025287259635,-0.1877668626323208,1.0835446800786666,-0.6424292256459163,8993.0,1.084931837374834,126.0,0.7718966865944104,0,0.1215924277370189,-0.5050091091845017,-0.3929493612214756,-0.7277496799785154,0.6219998451665146,0.1386249231740173,0.1725578029607243,-0.2376583091080217,0.5298525839295563,95.75363144403303,0
2024-08-15 18:28:33,2024,8,33,228,ambulatory,M,Douala,Littoral Region,Cameroon,4.0511,9.7679,Dry_Season,5,67.89322381930185,Tuberculosis,282.0,1,0,0,1,0,0,1,0,0,0,0,1,1,1,0,0,0,0,0,0,0,0,0,0,1,0,0,0,0,Hospital_Douala,20,1,16,1,1,0.8818879673799569,-0.4585949473665816,-0.8670983588227072,0.8802260034021779,8993.0,1.084931837374834,8.0,-0.4331529343466367,0,0.0471488719739966,-0.5046155499699019,1.2041933000496337,0.1389231466174951,-0.8140392167698752,0.0385132181906997,-0.4474416635276418,-0.1073584739552618,0.6078883632248625,6.353896103896104,0
2024-08-15 18:29:43,2024,8,33,228,wellness,F,Asyut,Asyut Governorate,Egypt,27.1809,31.1837,Dry_Season,2,67.26899383983573,Meningitis,69.0,1,0,1,0,1,0,0,0,0,0,0,0,0,1,0,1,1,0,0,0,0,0,0,0,1,0,0,0,0,Hospital_Asyut,7,3,12,1,0,0.856243997439353,0.7990491399040931,0.5744483195479768,-0.2617654183838928,8993.0,1.084931837374834,60.0,0.0978858816612823,0,0.0678140785584414,-0.0771123021013993,-0.7182832036448392,-1.264808947610354,-0.0968177265427017,-0.4324831934204854,-0.6842614806511684,0.0201663490563099,0.3027740133317874,39.68674698795181,0
2024-08-15 18:31:56,2024,8,33,228,ambulatory,M,Cape Town,Western Cape,South Africa,-33.9249,18.4241,Cool_Dry,1,18.105407255304584,Influenza,23.0,1,0,1,1,1,0,1,0,0,0,1,1,0,0,0,0,0,0,0,1,0,0,0,0,0,0,0,1,0,Hospital_Cape Town,12,12,7,0,1,-1.1634435824879348,-2.5234762631665943,-0.2844296582692694,-0.6424292256459163,8993.0,1.084931837374834,69.0,0.1897964459703452,0,0.0285964042152675,-0.8110118065559535,0.1120471698118084,0.2451935777906493,0.7028036112051739,0.6689949688867898,-0.4996538595094465,1.0344362264807117,0.115291937782566,57.46962902568284,0
2024-08-15 18:31:56,2024,8,33,228,ambulatory,F,Lusaka,Lusaka Province,Zambia,-15.4166,28.2833,Cool_Dry,2,35.611225188227245,Diarrheal disease,85.0,1,0,1,0,0,1,0,0,0,0,0,0,0,0,0,0,0,0,0,0,0,0,1,0,1,0,0,0,0,Hospital_Lusaka,42,17,3,0,0,-0.4442876886273188,-1.5171184883292923,0.3792157349167077,-0.2617654183838928,8993.0,1.084931837374834,3.0,-0.4842143589627828,0,0.0826845068897478,0.545192744504204,-0.1464568003817238,-0.343926216001084,0.3123135918598165,0.3762027440968343,0.324081226360136,-0.6812345128050987,-0.2426268596203298,2.655172413793104,0
2024-08-15 18:32:38,2024,8,33,228,wellness,F,Cairo,Cairo Governorate,Egypt,30.0444,31.2357,Dry_Season,1,28.191649555099247,Typhoid fever,31.0,1,0,1,1,0,1,0,0,0,1,0,1,0,1,0,0,0,0,0,0,0,0,0,0,0,0,0,0,0,Hospital_Cairo,11,3,17,1,0,-0.7490910155529162,0.9547471504316192,0.5779485589635146,-0.6424292256459163,8993.0,1.084931837374834,92.0,0.4246789992046171,0,0.0548475118439588,-0.2392324785945605,0.2213249899179459,-0.1213815950688,-0.6052115313570519,0.999060939454637,0.2815827410582816,-0.2953721967176446,0.1911150297005636,73.02711142654364,0
2024-08-15 18:33:39,2024,8,33,228,ambulatory,F,Cairo,Cairo Governorate,Egypt,30.0444,31.2357,Dry_Season,1,18.105407255304584,Tuberculosis,83.0,1,0,0,0,0,0,1,0,1,0,0,0,1,0,0,0,0,0,1,0,0,0,0,0,0,0,0,0,0,Hospital_Cairo,11,3,16,1,0,-1.1634435824879348,0.9547471504316192,0.5779485589635146,-0.6424292256459163,8993.0,1.084931837374834,38.0,-0.1267843866497603,0,0.0545613984686768,-0.1679143643367371,1.087287544096157,-0.3330540412815971,-0.2844805141042977,-0.9394591375505834,0.2169030879008374,0.0012886855443202,0.2888007235234607,29.3300283286119,0
2024-08-15 18:34:25,2024,8,33,228,ambulatory,M,Kano,Kano State,Nigeria,12.0022,8.592,Dry_Season,0,16.136892539356605,Meningitis,75.0,1,0,1,0,1,0,0,0,0,0,0,0,0,0,0,0,1,0,0,0,0,0,0,0,0,0,0,0,0,Hospital_Kano,35,10,12,1,1,-1.2443120666427334,-0.0262672185363339,-0.9462508882213796,-1.02309303290794,8993.0,1.084931837374834,86.0,0.3634052896652418,0,0.1319471460242527,-0.0269431536938337,-0.7130331920534339,-0.8497432144359752,0.0038043583262256,-0.126261016390601,-0.2683597343396854,0.2455249916274348,-0.0336170428444203,69.11337325349301,0
2024-08-15 18:34:25,2024,8,33,228,ambulatory,M,Cairo,Cairo Governorate,Egypt,30.0444,31.2357,Dry_Season,0,10.042436687200547,Diarrheal disease,16.0,0,0,0,0,0,1,0,0,0,0,0,1,0,0,0,0,0,0,0,0,0,0,1,0,0,0,0,0,0,Hospital_Cairo,11,3,3,1,1,-1.4946781942207332,0.9547471504316192,0.5779485589635146,-1.02309303290794,8993.0,1.084931837374834,33.0,-0.1778458112659064,0,0.0940624632396271,1.293765149092049,0.3522505213784388,0.0257797531882324,-0.2173329902724134,0.7138259408986208,0.3751704777028618,-0.3996846240159932,0.2987892916166322,25.78219013237064,0
2024-08-15 18:34:34,2024,8,33,228,wellness,M,Kano,Kano State,Nigeria,12.0022,8.592,Dry_Season,1,71.33196440793976,Meningitis,30.0,1,0,1,0,1,0,0,0,0,0,0,0,0,0,1,1,1,0,0,1,0,0,0,0,0,0,0,0,0,Hospital_Kano,35,10,12,1,1,1.0231547491580195,-0.0262672185363339,-0.9462508882213796,-0.6424292256459163,8993.0,1.084931837374834,87.0,0.373617574588471,0,0.0533833960616207,-0.1386413421334226,-0.7429672014829529,-1.2385702271799683,0.2905621223167721,0.0449684427919935,-0.6583990315937348,0.5990806378623925,0.113464083364286,69.11337325349301,0
2024-08-15 18:37:17,2024,8,33,228,ambulatory,M,Dodoma,Dodoma,Tanzania,-6.1722,35.7395,Dry_Season,6,59.02258726899384,Meningitis,445.0,1,0,1,0,1,0,0,0,0,0,0,0,0,0,0,1,1,0,0,0,0,1,0,1,0,0,0,0,0,Hospital_Dodoma,19,14,12,1,1,0.5174736576976928,-1.01446974081029,0.8811096797269642,1.2608898106642017,8993.0,1.084931837374834,13.0,-0.3820915097304907,0,0.0735442959940057,0.0671205825947547,-1.1998867327032798,-0.8604951396004702,0.0739012963662474,-0.4592226383639697,-0.3229238375393258,-0.1210178867083885,-0.2038650956737532,18.496143958868892,0
2024-08-15 18:38:02,2024,8,33,228,ambulatory,M,Kaduna,Kaduna State,Nigeria,10.5222,7.4383,Dry_Season,0,15.14031485284052,Meningitis,52.0,1,1,1,0,0,0,0,0,0,0,0,0,0,0,0,0,0,0,0,0,0,0,0,0,0,0,0,0,0,Hospital_Kaduna,32,10,12,1,1,-1.2852524397058027,-0.106739736636819,-1.023909084638803,-1.02309303290794,8993.0,1.084931837374834,42.0,-0.0859352469568435,0,0.1385438798760742,-0.4286350548004265,-0.4931146851502691,-0.2206432549464693,-0.0968556424304389,-0.1101547976023312,0.4448663550805155,-0.5344359630685386,-0.0520905508973884,32.9918896999189,0
2024-08-15 18:39:05,2024,8,33,228,ambulatory,F,Casablanca,Casablanca-Settat,Morocco,33.5731,-7.5898,Dry_Season,8,53.35523613963039,Malaria,349.0,1,1,1,0,0,0,0,0,0,0,0,0,0,0,0,0,0,0,0,0,0,1,0,0,0,0,0,0,0,Hospital_Casablanca,13,8,10,1,0,0.2846534042895799,1.1466142954459309,-2.035485006958888,2.0222174251882485,8993.0,1.084931837374834,21.0,-0.300393230344657,0,0.1242992148199616,-0.5607543360052087,-0.8104047497478284,0.1187753021855689,-0.2057073238796344,-0.3815269797710795,0.6088302467691551,-0.6917416793686157,-0.0993746948930943,50.061194396657655,0
2024-08-15 18:40:50,2024,8,33,228,wellness,M,Casablanca,Casablanca-Settat,Morocco,33.5731,-7.5898,Dry_Season,0,0.0958247775496235,Pneumonia,2.0,0,0,0,1,0,0,1,1,0,0,0,0,0,0,0,0,0,0,0,0,0,0,0,0,0,0,0,0,0,Hospital_Casablanca,13,8,14,1,1,-1.903294609984828,1.1466142954459309,-2.035485006958888,-1.02309303290794,8993.0,1.084931837374834,12.0,-0.3923037946537199,0,0.1003052465621968,-0.0745334110027462,1.097544225881034,0.296151496474467,-0.1522115075966262,-0.1095579639058949,-0.3602597119677492,-0.1002173373413244,-0.6394051182301337,11.093109869646185,0
2024-08-15 18:40:54,2024,8,33,228,ambulatory,M,Qena,Qena Governorate,Egypt,26.1551,32.716,Dry_Season,4,49.35249828884326,Hepatitis A,615.0,1,0,0,1,1,0,0,0,0,0,0,1,0,0,1,0,0,0,0,0,0,0,0,0,0,1,0,0,0,Hospital_Qena,54,3,6,1,1,0.1202170707230768,0.7432729851287704,0.6775909514023739,0.4995621961401543,8993.0,1.084931837374834,7.0,-0.443365219269866,0,0.0585505602991779,-0.0138838416389676,-0.0047706039038253,0.1847410773391457,-1.046390916875742,0.7424953206777353,-0.4386735534234648,0.9007152858447269,0.2912906846622791,5.087301587301587,0
2024-08-15 18:44:13,2024,8,33,228,urgentcare,F,Accra,Greater Accra,Ghana,5.6037,-0.187,Dry_Season,2,96.64887063655031,Dengue fever,28.0,1,0,1,1,0,0,0,1,0,1,1,0,0,0,0,0,0,0,0,0,0,0,0,0,0,0,1,0,0,Hospital_Accra,1,5,2,1,0,2.063197687933296,-0.3741749260133295,-1.5371855387792028,-0.2617654183838928,8993.0,1.084931837374834,8.0,-0.4331529343466367,0,0.0553502913247389,-0.8950177019942764,0.0939564055089646,0.0642773787976175,0.2730482690547729,0.6046152139221621,0.424460865306061,-0.0039210889001524,-0.2100196243551852,9.37746170678337,0
2024-08-15 18:44:49,2024,8,33,228,ambulatory,F,Johannesburg,Gauteng,South Africa,-26.2041,28.0473,Cool_Dry,4,65.96577686516085,HIV/AIDS,585.0,1,0,0,1,0,0,0,0,0,1,0,0,1,1,0,0,0,0,0,0,1,0,0,0,0,1,0,0,0,Hospital_Johannesburg,31,12,5,0,0,0.802706586510724,-2.103670710632659,0.363330032953882,0.4995621961401543,8993.0,1.084931837374834,24.0,-0.2697563755749694,0,0.0049372477850072,-0.3649612255012697,0.7497242805385668,0.0710870307520544,-0.8593126008798508,-0.0419397164283727,0.0501939730760812,-0.2577420279142392,0.7192765492729385,21.31877729257642,0
2024-08-15 18:47:04,2024,8,33,228,wellness,M,Kaduna,Kaduna State,Nigeria,10.5222,7.4383,Dry_Season,1,46.053388090349074,Lassa fever,13.0,1,0,1,0,1,0,0,0,1,0,0,0,0,0,0,0,0,0,0,0,0,0,0,0,0,0,0,0,0,Hospital_Kaduna,32,10,8,1,1,-0.0153135598840615,-0.106739736636819,-1.023909084638803,-0.6424292256459163,8993.0,1.084931837374834,7.0,-0.443365219269866,0,0.1324089061084513,-0.0294604141495348,-0.4460759020290288,-0.4886019064878802,-0.124778781145815,-0.2593136826260871,-0.2280112574785961,0.2106232225356107,-0.0869882617208391,6.65015479876161,0
2024-08-15 18:47:06,2024,8,33,228,ambulatory,F,Giza,Giza Governorate,Egypt,30.0131,31.2089,Dry_Season,8,66.08898015058179,Influenza,377.0,0,0,0,1,0,0,1,0,0,0,1,0,0,0,0,0,0,0,0,0,0,0,0,0,0,0,0,0,0,Hospital_Giza,23,3,7,1,0,0.8077678963674221,0.9530452654204402,0.5761445894185835,2.0222174251882485,8993.0,1.084931837374834,21.0,-0.300393230344657,0,0.101572765174705,-0.2495503432905885,0.907404835027154,0.5854408978702886,0.4631678604571744,0.071579988567461,-0.1699958311534865,0.1073510288583837,0.2316629490013904,88.25312843029637,0
2024-08-15 18:47:44,2024,8,33,228,outpatient,F,Hurghada,Red Sea Governorate,Egypt,27.2579,33.8116,Dry_Season,5,63.89596167008898,Cholera,254.0,0,0,0,0,1,1,0,1,0,0,0,0,0,0,0,0,1,0,0,0,0,0,1,0,0,0,0,0,0,Hospital_Hurghada,27,3,1,1,0,0.7176765809181959,0.8032358857782399,0.7513383033958981,0.8802260034021779,8993.0,1.084931837374834,2.0,-0.494426643886012,0,0.0666399003604572,1.5260435208800078,-0.1296454455770698,-0.19701127025263,0.0640855358726001,-0.1864389712755436,-0.3381797796303886,0.0545306952853184,-0.309944563576862,20.38915470494418,0
2024-08-15 18:47:51,2024,8,33,228,wellness,M,Kano,Kano State,Nigeria,12.0022,8.592,Dry_Season,4,73.47843942505133,Meningitis,72.0,1,0,1,0,0,0,0,0,0,0,0,0,0,0,0,1,1,0,0,0,0,0,1,0,1,0,0,0,0,Hospital_Kano,35,10,12,1,1,1.1113340142169377,-0.0262672185363339,-0.9462508882213796,0.4995621961401543,8993.0,1.084931837374834,88.0,0.3838298595117003,0,0.06328966090732,0.0645003421966991,-0.4267934592707892,-1.256291937072577,0.2349492365580142,0.0712401717931182,-0.119312848444406,-0.6384784963511452,-0.0912846396811983,69.11337325349301,0
2024-08-15 18:49:15,2024,8,33,228,outpatient,M,Dar es Salaam,Dar es Salaam,Tanzania,-6.7924,39.2083,Dry_Season,8,70.33538672142369,Meningitis,108.0,1,0,1,0,1,0,0,0,0,0,0,0,0,0,0,1,0,0,0,0,0,0,0,0,0,0,0,0,0,Hospital_Dar es Salaam,17,14,12,1,1,0.9822143760949508,-1.0481920757602363,1.11460257366192,2.0222174251882485,8993.0,1.084931837374834,81.0,0.3123438650490958,0,0.1345631963359993,-0.0321847121454823,-0.7466352257257185,-0.9328224783758124,0.0098518297024768,-0.1392522939214343,-0.2958850326282954,0.2433856818128678,-0.0318457560228214,77.0266418835192,0
2024-08-15 18:51:15,2024,8,33,228,outpatient,F,Dakar,Dakar Region,Senegal,14.7167,-17.4677,Dry_Season,8,63.66598220396988,COVID-19,696.0,1,0,1,1,0,0,1,1,0,0,0,0,0,0,0,1,0,0,0,0,0,0,0,0,1,0,0,0,0,Hospital_Dakar,14,11,0,1,0,0.708228802519026,0.1213291668581028,-2.700389140088529,2.0222174251882485,8993.0,1.084931837374834,9.0,-0.4229406494234076,0,0.0688784965405472,-0.8479856783141204,0.4582982899835087,-0.5485445997467403,0.076764199265498,-0.0423530078294268,-0.5495468918428685,-0.2613231793682142,-0.9255448913950666,5.7913669064748206,0
2024-08-15 18:51:15,2024,8,33,228,urgentcare,F,Kampala,Kampala,Uganda,0.3476,32.5825,Dry_Season,9,63.66598220396988,Influenza,152.0,1,0,0,1,0,0,1,0,0,0,1,0,0,0,0,0,0,0,0,1,0,0,0,0,0,0,0,0,0,Hospital_Kampala,34,16,7,1,0,0.708228802519026,-0.6599665492484371,0.6686047598259451,2.402881232450272,8993.0,1.084931837374834,3.0,-0.4842143589627828,0,0.1104961981425859,-0.7498018274127962,0.9261384481285792,0.459695812707059,0.7806098847849051,0.1412642945072604,-0.1509864603429142,0.4485604740085283,0.2121207762910826,63.691990846681925,0
2024-08-15 18:51:21,2024,8,33,228,ambulatory,F,Cairo,Cairo Governorate,Egypt,30.0444,31.2357,Dry_Season,1,7.794661190965092,Meningitis,36.0,1,0,1,0,1,0,0,0,0,0,0,0,0,1,0,1,0,0,0,1,0,0,0,0,0,0,0,0,0,Hospital_Cairo,11,3,12,1,0,-1.587018980717381,0.9547471504316192,0.5779485589635146,-0.6424292256459163,8993.0,1.084931837374834,222.0,1.7522760392244148,0,0.0466642068761886,-0.1413698964302935,-0.4902675595653456,-0.8791229610292736,0.2945614178903012,-0.215846097304165,-0.5723941149825892,0.2576208053537188,0.3330500418351346,191.48206503519947,0
2024-08-15 18:51:43,2024,8,33,228,ambulatory,F,Kampala,Kampala,Uganda,0.3476,32.5825,Dry_Season,4,73.22108145106091,Meningitis,98.0,1,0,1,1,0,0,0,0,0,1,0,0,0,0,0,0,0,0,0,0,0,0,0,0,0,0,0,0,0,Hospital_Kampala,34,16,12,1,0,1.100761500294057,-0.6599665492484371,0.6686047598259451,0.4995621961401543,8993.0,1.084931837374834,72.0,0.2204333007400328,0,0.135773388923494,-0.658118906573882,0.0727304149661011,-0.2287884642780538,-0.2767472164757921,0.5782145629375037,0.3460393124170817,-0.1666492424167004,-0.3568000804672331,59.9851083032491,0
2024-08-15 18:51:58,2024,8,33,228,ambulatory,M,Cairo,Cairo Governorate,Egypt,30.0444,31.2357,Dry_Season,2,51.017111567419576,Pneumonia,65.0,1,0,0,1,0,0,1,0,1,0,0,0,0,0,0,0,0,0,0,0,0,0,0,0,0,0,0,0,0,Hospital_Cairo,11,3,14,1,1,0.1886009905646868,0.9547471504316192,0.5779485589635146,-0.2617654183838928,8993.0,1.084931837374834,33.0,-0.1778458112659064,0,0.1343093615968026,-0.4811640585431558,1.0293824930537698,0.1444773966318778,-0.3074616227882373,-0.2801250452122975,-0.3138308189867009,0.0029548292199247,-0.2478744427239214,25.2022932022932,0
2024-08-15 18:52:50,2024,8,33,228,ambulatory,M,Kinshasa,Kinshasa,DRC,-4.4419,15.2663,Dry_Season,3,76.33127994524298,Malaria,434.0,1,1,1,1,0,0,0,0,0,0,0,0,0,0,0,0,0,0,0,0,0,1,0,0,0,0,0,0,0,Hospital_Kinshasa,37,2,10,1,1,1.2285314557875917,-0.9203875799526756,-0.4969884280074508,0.1188983888781307,8993.0,1.084931837374834,42.0,-0.0859352469568435,0,0.1352664965279939,-0.8980108034760481,-0.6741100784492342,0.5689633284877134,-0.3908074203779004,-0.0300717387887404,0.1770614378789842,-0.6782052308366031,-0.3481229132564342,89.92435205893962,0
2024-08-15 18:53:22,2024,8,33,228,ambulatory,F,Dar es Salaam,Dar es Salaam,Tanzania,-6.7924,39.2083,Dry_Season,4,56.12867898699521,Malaria,313.0,1,1,0,1,0,0,0,0,1,0,0,0,0,0,0,0,0,0,0,1,0,0,0,0,0,0,0,0,0,Hospital_Dar es Salaam,17,14,10,1,0,0.3985891128414729,-1.0481920757602363,1.11460257366192,0.4995621961401543,8993.0,1.084931837374834,38.0,-0.1267843866497603,0,0.0749390836951751,-0.5458603848611268,0.2964999913319428,0.518817431585141,-0.2545512578752562,-0.081953269957394,-0.1699210265736021,-0.1492261383497661,-0.0890829489314314,69.54554655870446,0
2024-08-15 18:54:13,2024,8,33,228,ambulatory,F,Addis Ababa,Addis Ababa,Ethiopia,9.032,38.7469,Dry_Season,1,31.1047227926078,Leishmaniasis,25.0,1,0,0,1,0,0,0,0,0,0,1,0,0,0,0,0,0,0,0,0,0,0,0,0,1,0,0,0,0,Hospital_Addis Ababa,2,4,9,1,0,-0.6294191558300989,-0.1877668626323208,1.0835446800786666,-0.6424292256459163,8993.0,1.084931837374834,8.0,-0.4331529343466367,0,0.1111415864192911,-0.4941040032283356,0.321649852901408,0.4065469516126212,0.1009823638607034,0.3593371513692531,0.0112017345108382,0.0623268641245302,0.3550050875323131,13.037301587301588,0
2024-08-15 18:56:57,2024,8,33,228,urgentcare,M,Johannesburg,Gauteng,South Africa,-26.2041,28.0473,Cool_Dry,10,76.5448323066393,Influenza,171.0,1,0,0,1,0,0,1,0,0,0,1,0,0,0,0,0,0,0,0,1,0,0,0,0,0,0,0,0,0,Hospital_Johannesburg,31,12,7,0,1,1.2373043928725354,-2.103670710632659,0.363330032953882,2.783545039712296,8993.0,1.084931837374834,96.0,0.4655281388975339,0,0.0910965950981981,-0.7498018274127962,0.9261384481285792,0.459695812707059,0.7806098847849051,0.1412642945072604,-0.1509864603429142,0.4485604740085283,0.2121207762910826,72.05895061728395,0
2024-08-15 18:56:59,2024,8,33,228,wellness,F,Sohag,Sohag Governorate,Egypt,26.559,31.6957,Dry_Season,1,61.84531143052703,Meningitis,31.0,1,0,1,0,1,0,0,0,0,0,0,0,1,0,0,1,1,0,0,0,0,0,0,0,0,0,0,0,0,Hospital_Sohag,58,3,12,1,0,0.6334338901922649,0.7652343703049771,0.6089122153317339,-0.6424292256459163,8993.0,1.084931837374834,15.0,-0.3616669398840323,0,0.0868979094305272,-0.0684062668409617,-0.741423154417632,-1.2647833889806577,-0.085949814827959,-0.4290603648643594,-0.6609274653018772,0.0452216178525692,0.394659639664068,18.453097345132743,0
2024-08-15 18:59:02,2024,8,33,228,ambulatory,F,Kaduna,Kaduna State,Nigeria,10.5222,7.4383,Dry_Season,1,21.100616016427104,Cholera,49.0,0,0,0,0,1,1,1,0,0,0,0,0,0,0,0,0,0,0,0,0,0,0,1,1,0,0,0,0,0,Hospital_Kaduna,32,10,1,1,0,-1.0403975161939851,-0.106739736636819,-1.023909084638803,-0.6424292256459163,8993.0,1.084931837374834,9.0,-0.4229406494234076,0,0.1184220915308216,1.6460209141074251,0.3909400012700278,0.258542281102328,0.4765150540064643,-0.3014914093559536,-0.1449014987210585,0.1289113212085115,-0.3816601879753421,34.56973898858075,0
2024-08-15 19:00:41,2024,8,33,228,wellness,F,Bamako,Bamako Capital District,Mali,12.6392,-8.0029,Dry_Season,2,76.41067761806981,Cholera,40.0,0,0,0,0,1,1,0,0,0,0,0,0,0,0,1,0,0,1,0,0,0,0,1,0,0,0,0,0,0,Hospital_Bamako,8,7,1,1,0,1.2317931888063525,0.0083685882406991,-2.063291716623478,-0.2617654183838928,8993.0,1.084931837374834,6.0,-0.4535775041930952,0,0.0741356672948248,1.5655473796061858,-0.0336743944244692,0.1208658953865161,-0.1288563568535391,0.0482673044642679,0.1350046221500904,0.4940317745878761,0.0553074939353374,33.37494798168955,0
2024-08-15 19:00:48,2024,8,33,228,outpatient,F,Nairobi,Nairobi County,Kenya,-1.2921,36.8219,Dry_Season,1,36.5284052019165,Tuberculosis,47.0,1,0,0,0,0,0,1,0,1,0,0,0,0,1,0,0,0,0,1,0,0,0,0,0,0,0,0,0,0,Hospital_Nairobi,50,6,16,1,0,-0.4066090485830106,-0.7491224870385488,0.9539685094073136,-0.6424292256459163,8993.0,1.084931837374834,19.0,-0.3208178001911154,0,0.0691479421838309,-0.1686189212459117,1.0908720029882124,-0.3310618555071002,-0.2938366644868184,-0.9385954152724956,0.2122928029434705,-0.0069582351045873,0.3062762798714701,19.704113924050635,0
2024-08-15 19:01:11,2024,8,33,228,ambulatory,M,Kano,Kano State,Nigeria,12.0022,8.592,Dry_Season,6,54.86652977412731,Tuberculosis,277.0,1,0,0,0,0,0,1,0,0,0,0,0,1,1,0,0,0,0,0,0,0,0,0,0,1,0,0,0,0,Hospital_Kano,35,10,16,1,1,0.3467388051984099,-0.0262672185363339,-0.9462508882213796,1.2608898106642017,8993.0,1.084931837374834,13.0,-0.3820915097304907,0,0.0661031169577772,-0.1664254524873891,1.046050063192022,-0.2722153418088838,-0.2907279771173257,-0.818462737500827,-0.097707510208784,-0.2818745210323229,0.6561911576426629,10.7809152872444,0
2024-08-15 19:01:23,2024,8,33,228,ambulatory,F,Kinshasa,Kinshasa,DRC,-4.4419,15.2663,Dry_Season,2,66.33538672142369,Malaria,62.0,1,1,1,1,1,0,0,0,0,1,0,0,1,0,0,0,0,0,0,0,0,0,0,0,0,0,0,0,0,Hospital_Kinshasa,37,2,10,1,0,0.8178905160808186,-0.9203875799526756,-0.4969884280074508,-0.2617654183838928,8993.0,1.084931837374834,43.0,-0.0757229620336143,0,0.0810973503969628,-0.548175481588284,-0.5772265175531663,0.2435879515047916,-0.5582629226903267,-0.0992694670041241,-0.0225643015578969,0.1974292558622511,-0.1007465641070108,89.92435205893962,0
2024-08-15 19:01:37,2024,8,33,228,ambulatory,M,Lubumbashi,Haut-Katanga,DRC,-11.6609,27.4794,Dry_Season,3,52.27378507871321,Mpox,60.0,1,0,1,1,0,0,0,0,0,1,1,1,0,0,0,0,0,0,0,0,0,0,0,0,0,1,0,0,0,Hospital_Lubumbashi,41,2,13,1,1,0.2402263511030075,-1.3129085989847038,0.3251033797984213,0.1188983888781307,8993.0,1.084931837374834,4.0,-0.4740020740395536,0,0.0618287555100455,-0.8608323682326122,0.0220262433541066,0.0288455378364305,-0.0717205745777612,1.163676766677668,0.5261753925199961,0.152103275945978,0.39925616929608,5.865209471766849,0
2024-08-15 19:05:01,2024,8,33,228,ambulatory,M,Alexandria,Alexandria Governorate,Egypt,31.2001,29.9187,Dry_Season,10,98.9678302532512,Meningitis,509.0,1,0,1,0,1,0,0,0,0,0,0,0,0,0,0,1,0,0,0,0,0,0,0,0,0,0,1,1,0,Hospital_Alexandria,3,3,12,1,1,2.15846278679159,1.0175863998699506,0.4892982645353732,2.783545039712296,8993.0,1.084931837374834,141.0,0.9250809604428486,0,0.0241085675572411,-0.0482964970222576,-0.7498670615780585,-0.9487358175497744,0.041851257733325,-0.0867339220873452,-0.2507025320300395,0.2500825829602609,0.0313922406453645,112.8647966339411,0
2024-08-15 19:05:18,2024,8,33,228,ambulatory,M,Sohag,Sohag Governorate,Egypt,26.559,31.6957,Dry_Season,5,58.338124572210816,Meningitis,235.0,1,0,1,0,1,0,0,0,0,0,0,0,1,0,0,1,0,0,0,0,0,0,0,0,0,0,0,0,0,Hospital_Sohag,58,3,12,1,1,0.4893552696049256,0.7652343703049771,0.6089122153317339,0.8802260034021779,8993.0,1.084931837374834,16.0,-0.3514546549608031,0,0.0937100605156765,-0.0497015925807542,-0.6126380083935368,-0.9119220637643692,-0.1174426113358859,-0.3413590805642595,-0.4682201794867805,0.083617859820835,0.3415999723591771,18.453097345132743,0
2024-08-15 19:07:40,2024,8,33,228,wellness,M,Abuja,FCT,Nigeria,9.0765,7.3986,Dry_Season,1,11.039014373716633,Meningitis,23.0,1,0,1,0,0,0,0,0,0,0,0,0,0,0,0,1,1,0,0,0,0,0,0,0,0,0,0,0,0,Hospital_Abuja,0,10,12,1,1,-1.453737821157664,-0.1853472497570022,-1.0265813828079733,-0.6424292256459163,8993.0,1.084931837374834,42.0,-0.0859352469568435,0,0.1375976083590737,-0.3248178267995248,-0.4378766163845542,-1.373302487041193,0.0838716566741208,-0.0250624893280478,-0.1301986830825932,-0.4661123186230098,0.0972030969189189,31.50482879719052,0
2024-08-15 19:11:46,2024,8,33,228,outpatient,F,Douala,Littoral Region,Cameroon,4.0511,9.7679,Dry_Season,1,30.45311430527036,Influenza,46.0,0,0,1,1,0,0,1,0,1,0,1,0,1,0,0,0,0,0,0,1,0,0,0,0,0,0,0,0,0,Hospital_Douala,20,1,7,1,0,-0.6561878612944132,-0.4585949473665816,-0.8670983588227072,-0.6424292256459163,8993.0,1.084931837374834,2.0,-0.494426643886012,0,0.0426973727960104,-0.7114697244485462,0.9019983150486096,0.3952424516370773,0.957008611654551,0.0005175361548789,-0.6631573242329228,-0.206186459077006,0.3406787801669325,31.96064400715564,0
2024-08-15 19:12:00,2024,8,33,228,ambulatory,M,Algiers,Algiers Province,Algeria,36.7372,3.0865,Dry_Season,1,19.33196440793977,Meningitis,37.0,1,0,1,0,1,0,0,0,0,0,0,0,0,0,0,0,1,0,0,0,0,0,0,0,0,0,0,1,0,Hospital_Algiers,4,0,12,1,1,-1.1130554310256957,1.3186569268795425,-1.3168387363414498,-0.6424292256459163,8993.0,1.084931837374834,75.0,0.2510701555097205,0,0.0879509915135514,-0.0289311241527406,-0.7150674093167906,-0.8626288343886515,0.0098709027733497,-0.1293089916105955,-0.2717642669882295,0.2620409081520161,-0.0168092608887502,54.95974472263132,0
2024-08-15 19:12:25,2024,8,33,228,urgentcare,F,Giza,Giza Governorate,Egypt,30.0131,31.2089,Dry_Season,10,89.88364134154689,Meningitis,541.0,1,0,1,0,1,0,0,0,0,0,0,0,0,0,0,1,1,0,0,0,0,0,0,0,0,0,0,0,0,Hospital_Giza,23,3,12,1,0,1.7852755400243838,0.9530452654204402,0.5761445894185835,2.783545039712296,8993.0,1.084931837374834,88.0,0.3838298595117003,0,0.1026423532696614,-0.0508893864056897,-0.8754203717498137,-1.2856838035921003,0.0413446262104037,-0.2269535782215341,-0.4885923184433921,0.204989439844602,0.0212139112820694,84.22058267120696,0
2024-08-15 19:12:34,2024,8,33,228,ambulatory,M,Dakar,Dakar Region,Senegal,14.7167,-17.4677,Dry_Season,5,73.37713894592744,Meningitis,237.0,1,0,1,0,0,0,0,0,0,0,0,0,0,0,0,1,1,0,0,1,0,0,0,0,0,0,0,0,0,Hospital_Dakar,14,11,12,1,1,1.107172492779208,0.1213291668581028,-2.700389140088529,0.8802260034021779,8993.0,1.084931837374834,67.0,0.1693718761238868,0,0.0985007304409492,-0.4157815737398895,-0.3190906264484183,-1.3424955700805938,0.5052318362828286,0.0995867716539586,-0.2297623336210348,-0.2838624524412184,0.0711776100468671,52.11552535284893,0
2024-08-15 19:14:33,2024,8,33,228,ambulatory,M,Hurghada,Red Sea Governorate,Egypt,27.2579,33.8116,Dry_Season,5,64.62970568104038,Typhoid fever,406.0,1,0,1,0,0,1,0,0,0,1,0,0,0,0,0,0,0,0,0,0,0,0,0,0,0,0,0,0,0,Hospital_Hurghada,27,3,17,1,1,0.7478194929536421,0.8032358857782399,0.7513383033958981,0.8802260034021779,8993.0,1.084931837374834,14.0,-0.3718792248072615,0,0.1112723472334036,0.1171790562323986,-0.0743999231639026,-0.5554126838811189,0.0547502997163811,0.3433280481278478,0.8082623261929912,-0.3018735011537653,-0.1515034606116439,8.352869352869353,0
2024-08-15 19:14:39,2024,8,33,228,ambulatory,M,Bamako,Bamako Capital District,Mali,12.6392,-8.0029,Dry_Season,3,73.97672826830937,Meningitis,895.0,1,0,1,0,1,0,0,0,0,0,0,0,0,0,0,0,1,0,0,0,0,0,0,0,0,0,0,0,0,Hospital_Bamako,8,7,12,1,1,1.131804200748472,0.0083685882406991,-2.063291716623478,0.1188983888781307,8993.0,1.084931837374834,46.0,-0.0450861072639266,0,0.1400931933973174,-0.0269431536938337,-0.7130331920534339,-0.8497432144359752,0.0038043583262256,-0.126261016390601,-0.2683597343396854,0.2455249916274348,-0.0336170428444203,35.00389711613406,0
2024-08-15 19:15:29,2024,8,33,228,ambulatory,F,Harare,Harare Province,Zimbabwe,-17.8252,31.0335,Cool_Dry,1,47.01984941820671,Influenza,49.0,1,0,1,0,0,0,0,0,0,0,1,0,0,0,0,0,0,0,0,1,0,0,0,0,0,0,0,0,0,Hospital_Harare,25,18,7,0,0,0.024389604102926,-1.6480820742055278,0.5643380126207885,-0.6424292256459163,8993.0,1.084931837374834,36.0,-0.1472089564962188,0,0.1390869899290293,-0.5720266234130105,-0.1117761915889598,-0.2610021738617912,1.0058197568910447,0.3639667459869571,0.2932267365259894,-0.0148728911433975,0.4489961429310144,35.8115234375,0
2024-08-15 19:20:22,2024,8,33,228,wellness,M,Dar es Salaam,Dar es Salaam,Tanzania,-6.7924,39.2083,Dry_Season,1,56.09582477754962,Malaria,20.0,1,1,0,1,1,0,0,0,0,0,1,0,0,0,1,0,0,0,0,0,1,1,0,0,0,0,0,0,0,Hospital_Dar es Salaam,17,14,10,1,1,0.39723943021302,-1.0481920757602363,1.11460257366192,-0.6424292256459163,8993.0,1.084931837374834,39.0,-0.1165721017265311,0,0.0461527012146668,-0.4879866546605618,-0.7877347260187428,1.2176705751235923,-0.3280933013404425,-0.2294637286360652,-0.0761430448355384,0.6637702538782568,0.4216806595024324,69.54554655870446,0
2024-08-15 19:20:58,2024,8,33,228,ambulatory,F,Dodoma,Dodoma,Tanzania,-6.1722,35.7395,Dry_Season,1,30.93223819301848,Meningitis,34.0,1,0,1,1,0,0,0,1,0,0,0,0,0,0,0,1,1,1,0,0,0,0,0,0,0,0,0,0,0,Hospital_Dodoma,19,14,12,1,0,-0.636504989629476,-1.01446974081029,0.8811096797269642,-0.6424292256459163,8993.0,1.084931837374834,14.0,-0.3718792248072615,0,0.0608663741582513,-0.6922449497317094,-0.1355002203024529,-0.9676011188665878,-0.1820516186469778,0.1158213345197005,-0.3716766745675641,-0.2983335618986762,-0.6222268814135912,18.496143958868892,0
2024-08-15 19:21:36,2024,8,33,228,ambulatory,F,Minya,Minya Governorate,Egypt,28.0871,30.7618,Dry_Season,1,3.9479808350444894,Meningitis,17.0,1,0,1,0,0,0,0,0,0,0,0,1,0,0,0,1,1,0,1,1,0,0,0,0,0,0,0,0,0,Hospital_Minya,48,3,12,1,0,-1.745044321798733,0.8483222452437278,0.5460492616746032,-0.6424292256459163,8993.0,1.084931837374834,48.0,-0.0246615374174682,0,0.0227638413365981,-0.4232050965807116,-0.2370395558806012,-1.4297889341791334,0.1321961463525815,0.4993354216500247,0.1235725668061308,0.0487552729522709,0.1861042534944502,35.46808510638298,0
2024-08-15 19:22:35,2024,8,33,228,wellness,F,Shubra El Kheima,Qalyubia Governorate,Egypt,30.1286,31.2422,Dry_Season,1,3.430527036276523,Influenza,16.0,1,0,1,1,0,1,0,0,0,0,1,0,1,0,0,0,0,0,0,0,0,0,0,0,0,0,0,0,0,Hospital_Shubra El Kheima,57,3,7,1,0,-1.766301823196865,0.9593253842316604,0.5783860888904567,-0.6424292256459163,8993.0,1.084931837374834,19.0,-0.3208178001911154,0,0.0710348680308133,-0.3977947290433157,0.0288940402742706,0.3028431567902768,0.4184624594396152,0.5052346655171475,-0.180859363798486,-0.4650419409902615,0.5562675413139742,64.32510930668332,0
2024-08-15 19:23:23,2024,8,33,228,ambulatory,M,Douala,Littoral Region,Cameroon,4.0511,9.7679,Dry_Season,2,58.77891854893908,Cholera,24.0,0,0,0,0,1,1,0,0,0,0,0,0,0,0,0,0,0,0,0,0,0,0,1,0,0,0,0,0,0,Hospital_Douala,20,1,1,1,1,0.5074635115366677,-0.4585949473665816,-0.8670983588227072,-0.2617654183838928,8993.0,1.084931837374834,6.0,-0.4535775041930952,0,0.1511298817221243,1.5686272194975572,-0.107141799545838,0.1524479745130903,0.0783511224181531,0.0064141372959467,-0.0652578132292502,0.11043753590657,0.0223546820342431,31.51220594762539,0
2024-08-15 19:25:20,2024,8,33,228,ambulatory,M,Maputo,Maputo Province,Mozambique,-25.9692,32.5732,Cool_Dry,4,64.05749486652978,HIV/AIDS,554.0,1,0,0,1,0,1,0,0,0,0,0,0,0,1,0,0,0,0,0,0,0,0,0,0,0,1,0,0,0,Hospital_Maputo,45,9,5,0,1,0.7243125205080891,-2.09089841705036,0.6679787554689353,0.4995621961401543,8993.0,1.084931837374834,2.0,-0.494426643886012,0,0.0702986808470683,0.1297296147572334,0.524003414964519,0.2663216793993054,-0.4837632314823779,0.2069185966384585,-0.2385627379521912,-0.4329099558499252,0.3960284736215778,3.1923076923076925,0
2024-08-15 19:27:08,2024,8,33,228,ambulatory,M,Kinshasa,Kinshasa,DRC,-4.4419,15.2663,Dry_Season,1,15.860369609856264,Tuberculosis,18.0,1,0,0,1,0,0,1,0,1,0,0,0,1,1,0,0,0,0,0,0,0,1,0,0,0,0,0,0,0,Hospital_Kinshasa,37,2,16,1,1,-1.2556718954322117,-0.9203875799526756,-0.4969884280074508,-0.6424292256459163,8993.0,1.084931837374834,21.0,-0.300393230344657,0,0.0612506602400703,-0.6490216575276564,0.9836713220126292,0.5276889687612992,-0.6802583366966792,-0.9548470783886084,-0.4991475059723985,-0.4821334517131256,0.469208426392379,17.982886480319454,0
2024-08-15 19:27:15,2024,8,33,228,wellness,F,Lagos,Lagos State,Nigeria,6.5244,3.3792,Dry_Season,1,25.182751540041068,Meningitis,32.0,1,0,1,0,1,0,0,0,0,0,0,0,0,0,1,1,1,0,0,0,0,0,0,0,0,0,1,0,0,Hospital_Lagos,40,10,12,1,0,-0.8726994496087211,-0.3241134074896021,-1.2971364271697587,-0.6424292256459163,8993.0,1.084931837374834,188.0,1.4050583518346214,0,0.0404176401168531,-0.0618014096109262,-0.8629508100080721,-1.272404863361853,-0.1048651737082116,-0.0241144711359293,-0.510248347808493,0.4070117563034128,0.1859197849488538,148.94046721929163,0
2024-08-15 19:27:37,2024,8,33,228,ambulatory,F,Damanhur,Beheira Governorate,Egypt,31.0341,30.4685,Dry_Season,5,44.563997262149215,COVID-19,289.0,1,0,1,1,0,0,1,1,0,0,0,0,0,0,0,0,0,0,0,0,0,0,0,0,0,0,0,0,0,Hospital_Damanhur,15,3,0,1,0,-0.0764991723739229,1.0085604282451666,0.5263065651250406,0.8802260034021779,8993.0,1.084931837374834,2.0,-0.494426643886012,0,0.1280933138605243,-0.8160379672510014,0.6011299777991511,-0.1105862661864215,0.0407356927135419,0.0626261048357203,-0.3105905773472375,-0.2039792794380296,-0.8710146628412663,3.2948328267477205,0
2024-08-15 19:27:54,2024,8,33,228,ambulatory,M,Khartoum,Khartoum State,Sudan,15.5007,32.5599,Dry_Season,1,60.35044490075291,Malaria,25.0,1,1,1,0,1,0,0,0,0,0,0,0,0,0,0,0,0,0,1,0,0,1,0,0,0,0,0,0,0,Hospital_Khartoum,36,13,10,1,1,0.5720233305976615,0.1639578521221436,0.6670835019261149,-0.6424292256459163,8993.0,1.084931837374834,22.0,-0.2901809454214278,0,0.0924122249953702,-0.2933157884405225,-1.1877460001042883,0.1581501594118875,-0.2830589011193151,-0.6891901333776875,0.5217368562642087,0.150998205947437,-0.2608826610279002,51.094385285576,0
2024-08-15 19:28:10,2024,8,33,228,outpatient,M,Hurghada,Red Sea Governorate,Egypt,27.2579,33.8116,Dry_Season,2,62.40109514031485,Influenza,24.0,1,0,1,1,0,0,1,0,0,0,1,0,0,0,0,0,0,0,0,1,0,1,0,0,0,0,0,0,0,Hospital_Hurghada,27,3,7,1,1,0.656266021323592,0.8032358857782399,0.7513383033958981,-0.2617654183838928,8993.0,1.084931837374834,6.0,-0.4535775041930952,0,0.1105064852481351,-1.2141379276839908,0.2124865122838479,0.5489286093020371,0.9686235589268548,0.0970411361223346,-0.0559264553827769,0.0285332366433928,-0.0732562264774999,21.799126637554583,0
2024-08-15 19:28:56,2024,8,33,228,ambulatory,M,Cairo,Cairo Governorate,Egypt,30.0444,31.2357,Dry_Season,1,61.21286789869952,Tuberculosis,20.0,1,1,0,1,0,0,1,0,1,0,0,0,0,1,0,0,0,0,0,0,0,0,0,0,0,0,1,0,0,Hospital_Cairo,11,3,16,1,1,0.6074524995945482,0.9547471504316192,0.5779485589635146,-0.6424292256459163,8993.0,1.084931837374834,38.0,-0.1267843866497603,0,0.0402262323387859,-0.6599774452784357,0.8193561562028335,0.5281995955188422,-0.5298735653378515,-0.6992879169282675,-0.2800640493114474,-0.3221343669948313,0.1480740303336757,29.3300283286119,0
2024-08-15 19:30:16,2024,8,33,228,urgentcare,M,Suez,Suez Governorate,Egypt,29.9668,32.5498,Dry_Season,5,70.22039698836413,Hepatitis A,101.0,0,0,0,1,1,0,0,0,0,0,0,1,0,0,1,0,0,0,0,0,0,0,0,0,1,0,0,0,0,Hospital_Suez,59,3,6,1,1,0.9774904868953652,0.9505277805636478,0.666403647731943,0.8802260034021779,8993.0,1.084931837374834,8.0,-0.4331529343466367,0,0.0417220891784746,0.3902862921934853,0.1035321111216181,0.3352832769149197,-0.9176013229789804,0.7892183640567175,-0.5640225294677834,0.7572322064581141,0.1055445163179994,5.313253012048193,0
2024-08-15 19:30:27,2024,8,33,228,ambulatory,F,Rabat,Rabat-Sale-Kenitra,Morocco,34.0209,-6.8416,Dry_Season,1,32.59958932238193,Malaria,28.0,1,1,1,1,0,0,0,0,0,0,1,0,0,0,0,0,0,0,0,0,0,1,0,0,0,0,0,1,0,Hospital_Rabat,55,8,10,1,0,-0.5680085962354949,1.1709626695036317,-1.9851219467530143,-0.6424292256459163,8993.0,1.084931837374834,13.0,-0.3820915097304907,0,0.1020198749794648,-1.098894730580139,-0.7600021865736073,0.8487691903814266,0.1848801090695443,0.0428664141932303,0.283706105458661,-0.4716315467652996,0.1543940230147638,30.82495881383855,0
2024-08-15 19:30:38,2024,8,33,228,ambulatory,M,Ibadan,Oyo State,Nigeria,7.3775,3.947,Dry_Season,3,57.09240246406571,Meningitis,53.0,1,0,1,0,0,0,0,0,0,0,0,0,0,0,0,1,0,0,0,0,0,0,0,0,0,0,0,0,0,Hospital_Ibadan,28,10,12,1,1,0.4381798032760891,-0.2777275256034374,-1.2589165052439435,0.1188983888781307,8993.0,1.084931837374834,73.0,0.230645585663262,0,0.1517896404619026,-0.3061131525393173,-0.309091470360459,-1.0204411618249043,0.0523788601661939,0.0626387949720519,0.0625086027325034,-0.427716076654744,0.0441434296140281,56.20814479638009,0
2024-08-15 19:33:09,2024,8,33,228,wellness,M,Tanta,Gharbia Governorate,Egypt,30.7865,31.0004,Dry_Season,0,0.08,Typhoid fever,1.0,1,0,1,0,0,1,0,0,0,1,0,0,0,0,0,0,0,0,0,0,1,0,0,0,0,0,0,0,0,Hospital_Tanta,60,3,17,1,1,-1.903944707117532,0.9950975934602476,0.5621099756082056,-1.02309303290794,8993.0,1.084931837374834,14.0,-0.3718792248072615,0,0.0583995806342818,0.1167421110201898,-0.0766519760850323,-0.5535080225293147,0.0593785033107202,0.3497172827243452,0.8047414544944452,-0.2956203953542969,-0.1477883742586009,13.800749063670413,0
2024-08-15 19:33:34,2024,8,33,228,ambulatory,F,Alexandria,Alexandria Governorate,Egypt,31.2001,29.9187,Dry_Season,1,40.68720054757016,Typhoid fever,64.0,1,0,1,1,0,0,0,0,0,1,0,1,0,0,0,0,0,0,0,0,0,0,0,0,0,0,1,0,0,Hospital_Alexandria,3,3,17,1,0,-0.2357617225313568,1.0175863998699506,0.4892982645353732,-0.6424292256459163,8993.0,1.084931837374834,36.0,-0.1472089564962188,0,0.0839633942398922,-0.6731763510034234,0.0933813619361353,-0.2708657213751051,-0.5890254760463516,1.1393016247007752,0.4766610012351948,-0.0154886592488402,-0.1099244418091777,43.79821679962459,0
2024-08-15 19:36:38,2024,8,33,228,ambulatory,M,Port Said,Port Said Governorate,Egypt,31.2653,32.3019,Dry_Season,9,100.0,Meningitis,207.0,1,0,1,0,0,0,0,0,0,0,0,0,0,0,0,1,1,0,0,0,0,0,0,1,0,0,0,0,0,Hospital_Port Said,53,3,12,1,1,2.200865316035484,1.0211315405322154,0.6497169294413313,2.402881232450272,8993.0,1.084931837374834,26.0,-0.2493318057285109,0,0.0753205022624242,-0.0746885765942979,-0.4450529127404612,-1.287532380181601,0.2252800082791601,0.0140406326982649,-0.1284940938671663,-0.6348139288759234,-0.0805917660411977,21.666666666666668,0
2024-08-15 19:36:58,2024,8,33,228,ambulatory,F,Alexandria,Alexandria Governorate,Egypt,31.2001,29.9187,Dry_Season,4,95.31827515400413,Meningitis,367.0,1,0,1,0,0,0,1,0,0,0,0,0,1,0,0,1,1,0,0,0,0,0,0,0,0,0,0,0,0,Hospital_Alexandria,3,3,12,1,0,2.0085355414809567,1.0175863998699506,0.4892982645353732,0.4995621961401543,8993.0,1.084931837374834,142.0,0.9352932453660778,0,0.0545718671913244,-0.5150702628301558,0.2013786981194003,-1.332077872700104,0.21333279561903,-0.5741779446490863,-0.3838821046483134,-0.4387047450601877,0.2444288182514489,112.8647966339411,0
2024-08-15 19:37:31,2024,8,33,228,ambulatory,F,Kampala,Kampala,Uganda,0.3476,32.5825,Dry_Season,3,62.12183436002738,Meningitis,242.0,1,0,1,0,1,0,0,0,0,0,0,0,0,0,0,1,1,0,0,0,0,0,0,0,0,0,0,0,0,Hospital_Kampala,34,16,12,1,0,0.6447937189817431,-0.6599665492484371,0.6686047598259451,0.1188983888781307,8993.0,1.084931837374834,73.0,0.230645585663262,0,0.135728844650109,-0.0508893864056897,-0.8754203717498137,-1.2856838035921003,0.0413446262104037,-0.2269535782215341,-0.4885923184433921,0.204989439844602,0.0212139112820694,59.9851083032491,0
2024-08-15 19:37:56,2024,8,33,228,emergency,M,Dakar,Dakar Region,Senegal,14.7167,-17.4677,Dry_Season,2,55.15947980835045,Meningitis,70.0,1,0,1,0,0,0,0,0,0,0,1,0,0,0,0,0,1,0,0,0,0,0,0,0,0,0,0,0,0,Hospital_Dakar,14,11,12,1,1,0.3587734753021144,0.1213291668581028,-2.700389140088529,-0.2617654183838928,8993.0,1.084931837374834,68.0,0.179584161047116,0,0.1247936896118144,-0.4997675507328531,-0.3593473275491907,-0.6446704160386783,0.6159523737902636,0.1516162007048507,0.2000831012493344,-0.2355189992934548,0.5280812971079571,52.11552535284893,0
2024-08-15 19:38:56,2024,8,33,228,outpatient,M,Kano,Kano State,Nigeria,12.0022,8.592,Dry_Season,6,75.10746064339493,Meningitis,110.0,1,0,1,0,1,0,0,0,0,0,0,0,0,0,0,1,1,0,0,0,0,0,0,0,0,0,0,0,0,Hospital_Kano,35,10,12,1,1,1.1782557778777236,-0.0262672185363339,-0.9462508882213796,1.2608898106642017,8993.0,1.084931837374834,89.0,0.3940421444349294,0,0.1226503395485925,-0.0508893864056897,-0.8754203717498137,-1.2856838035921003,0.0413446262104037,-0.2269535782215341,-0.4885923184433921,0.204989439844602,0.0212139112820694,69.11337325349301,0
2024-08-15 19:41:00,2024,8,33,228,wellness,F,Shubra El Kheima,Qalyubia Governorate,Egypt,30.1286,31.2422,Dry_Season,10,54.56262833675565,Meningitis,193.0,1,0,1,0,1,0,0,0,0,0,0,0,0,0,0,1,1,0,0,0,0,0,0,1,0,0,0,0,0,Hospital_Shubra El Kheima,57,3,12,1,0,0.3342542408852215,0.9593253842316604,0.5783860888904567,2.783545039712296,8993.0,1.084931837374834,65.0,0.1489473062774283,0,0.0838347413624713,0.1992398637995371,-0.8825966681057207,-1.1999136967325086,0.182752977815443,-0.1878504561952213,-0.4868877292279653,0.0362878295916885,-0.1565809516780472,62.123436650353455,0
2024-08-15 19:41:55,2024,8,33,228,outpatient,F,Douala,Littoral Region,Cameroon,4.0511,9.7679,Dry_Season,4,57.89733059548254,Typhoid fever,384.0,1,0,1,0,0,0,0,0,0,0,0,1,0,0,0,0,0,0,0,0,0,0,0,0,0,0,0,0,0,Hospital_Douala,20,1,17,1,0,0.4712470276731833,-0.4585949473665816,-0.8670983588227072,0.4995621961401543,8993.0,1.084931837374834,10.0,-0.4127283645001783,0,0.1442309800550565,-0.2831005498391346,-0.1248557251050617,-0.623550110544545,-0.3233725508722677,0.6688520715121729,0.3647758424075232,-0.2262009263268626,0.1897578994330778,7.646575342465753,0
2024-08-15 19:42:01,2024,8,33,228,ambulatory,F,Khartoum,Khartoum State,Sudan,15.5007,32.5599,Dry_Season,2,47.81656399726215,Meningitis,91.0,1,0,1,1,0,0,0,0,0,0,0,0,0,0,0,1,1,0,0,0,0,0,0,0,0,1,0,0,0,Hospital_Khartoum,36,13,12,1,0,0.0571194078429071,0.1639578521221436,0.6670835019261149,-0.2617654183838928,8993.0,1.084931837374834,83.0,0.3327684348955542,0,0.0889403859759033,-0.664958169272237,-0.2902767913959554,-0.9191224025951876,-0.1276116397721514,0.3303481124833021,-0.5739152676693836,-0.4848607178200895,-0.0816434499421753,60.26980316850696,0
2024-08-15 19:42:05,2024,8,33,228,wellness,M,Tunis,Tunis Governorate,Tunisia,36.819,10.1658,Dry_Season,1,45.57426420260096,Hepatitis A,28.0,0,1,0,1,1,0,0,1,0,0,0,1,0,0,1,0,0,0,0,0,0,1,0,0,0,0,0,0,0,Hospital_Tunis,61,15,6,1,1,-0.0349964315489985,1.3231046647042854,-0.8403147960641972,-0.6424292256459163,8993.0,1.084931837374834,0.0,-0.5148512137324704,0,0.0003312465998095,0.0958213300096588,-0.4734423398500053,1.0439789766240293,-1.1823938608618887,0.1434947540454762,-0.299424419728956,0.4519688014557757,-0.2591403842983392,2.86231884057971,0
2024-08-15 19:44:53,2024,8,33,228,emergency,M,Port Harcourt,Rivers State,Nigeria,4.8156,7.0498,Dry_Season,1,16.83230663928816,Tuberculosis,22.0,1,0,0,1,0,0,1,0,0,0,0,0,0,1,0,0,0,1,0,0,0,0,0,0,0,0,0,0,0,Hospital_Port Harcourt,52,10,16,1,1,-1.215743784340482,-0.4170265419018378,-1.050059911810658,-0.6424292256459163,8993.0,1.084931837374834,7.0,-0.443365219269866,0,0.0955634074549298,-0.484455192275697,1.0885922500683407,0.1112012757079038,-0.3820866670143597,-0.3660337519046487,-0.0679119438573038,0.0799910044843812,0.0580355465244402,5.926186291739895,0
2024-08-15 19:45:52,2024,8,33,228,ambulatory,M,Algiers,Algiers Province,Algeria,36.7372,3.0865,Dry_Season,1,58.72689938398357,Measles,24.0,1,0,0,0,0,0,1,0,1,1,0,0,0,0,0,0,0,1,1,0,0,0,1,0,0,0,0,0,0,Hospital_Algiers,4,0,11,1,1,0.5053265140416173,1.3186569268795425,-1.3168387363414498,-0.6424292256459163,8993.0,1.084931837374834,5.0,-0.4637897891163244,0,0.0196569091383315,0.2019350130664371,1.0877582511192327,-0.3772908180097567,-0.1461472398787144,-0.6787547666633985,1.184420232251718,0.3842464187240746,-0.3464587434229708,6.85362095531587,0
2024-08-15 19:47:54,2024,8,33,228,ambulatory,M,Lagos,Lagos State,Nigeria,6.5244,3.3792,Dry_Season,4,56.32580424366872,COVID-19,76.0,1,0,1,1,0,0,1,1,0,0,0,0,0,0,0,0,0,0,0,0,0,0,0,0,1,0,0,0,0,Hospital_Lagos,40,10,0,1,1,0.4066872086121898,-0.3241134074896021,-1.2971364271697587,0.4995621961401543,8993.0,1.084931837374834,20.0,-0.3106055152678862,0,0.1018179614703218,-0.8240394456022644,0.6206854696798887,-0.112604010590615,0.0392239313813199,0.0583395540015063,-0.3293143077391618,-0.2207876275853813,-0.9803758455215564,635.890316038533,1
2024-08-15 19:48:50,2024,8,33,228,ambulatory,F,Zagazig,Sharqia Governorate,Egypt,30.5877,31.5021,Dry_Season,1,32.9719370294319,Pneumonia,61.0,0,0,0,0,0,0,1,1,1,0,1,0,1,0,0,0,0,1,0,0,0,0,0,0,0,0,0,1,0,Hospital_Zagazig,63,3,14,1,0,-0.5527121931130294,0.9842881768397233,0.5958805547385007,-0.6424292256459163,8993.0,1.084931837374834,4.0,-0.4740020740395536,1,-0.0377928609009292,0.016808683108818,1.207327032581202,0.1070609908311785,0.349126538577255,-0.9163553819478744,0.1239653066808474,0.0315069719911508,0.3996713661617008,2.5614754098360657,0
2024-08-15 19:50:58,2024,8,33,228,ambulatory,F,Giza,Giza Governorate,Egypt,30.0131,31.2089,Dry_Season,2,64.33675564681725,Diarrheal disease,52.0,0,0,0,0,1,1,0,0,0,1,0,1,0,0,0,0,0,0,0,0,0,0,0,0,0,0,1,0,0,Hospital_Giza,23,3,3,1,0,0.7357848228499382,0.9530452654204402,0.5761445894185835,-0.2617654183838928,8993.0,1.084931837374834,6.0,-0.4535775041930952,0,0.0414410781903208,1.1175546084449477,0.0051215165227548,-0.1031334948681893,-0.4930021906280636,0.5303399522560175,0.5308212450297938,0.6241507825784121,0.2509925370206946,11.071828358208956,0
2024-08-15 19:51:31,2024,8,33,228,ambulatory,M,Alexandria,Alexandria Governorate,Egypt,31.2001,29.9187,Dry_Season,2,77.61806981519507,Typhoid fever,52.0,1,0,1,1,0,0,0,0,0,1,0,0,0,0,0,0,0,0,0,0,0,0,0,0,0,0,0,0,0,Hospital_Alexandria,3,3,17,1,1,1.2813940254019942,1.0175863998699506,0.4892982645353732,-0.2617654183838928,8993.0,1.084931837374834,37.0,-0.1369966715729896,0,0.1449267091295735,-0.658118906573882,0.0727304149661011,-0.2287884642780538,-0.2767472164757921,0.5782145629375037,0.3460393124170817,-0.1666492424167004,-0.3568000804672331,43.79821679962459,0
2024-08-15 19:51:38,2024,8,33,228,ambulatory,F,Qena,Qena Governorate,Egypt,26.1551,32.716,Dry_Season,10,76.55304585900069,COVID-19,393.0,0,1,1,0,0,0,1,0,0,0,0,0,0,0,0,0,0,0,0,0,0,0,0,0,1,0,0,0,0,Hospital_Qena,54,3,0,1,0,1.2376418135296483,0.7432729851287704,0.6775909514023739,2.783545039712296,8993.0,1.084931837374834,4.0,-0.4740020740395536,0,0.0478499676772966,-0.2000843515652055,0.1317512807369519,-0.0457847974971887,0.2623063315015882,-0.4064850620725513,0.2262213286323421,-0.5230284946293886,-0.3941550547888909,3.7711171662125342,0
2024-08-15 19:55:03,2024,8,33,228,ambulatory,M,Bamako,Bamako Capital District,Mali,12.6392,-8.0029,Dry_Season,1,57.22929500342232,Measles,38.0,1,0,0,0,0,0,1,0,0,1,0,0,0,1,0,0,0,1,0,0,0,0,0,0,0,0,0,0,0,Hospital_Bamako,8,7,11,1,1,0.443803480894643,0.0083685882406991,-2.063291716623478,-0.6424292256459163,8993.0,1.084931837374834,10.0,-0.4127283645001783,0,0.072986964219447,-0.1858942440804389,1.0354376131013323,-0.4334626685056595,-0.3034722827756358,-0.6540610277348082,0.8589237995039093,0.2734493898755668,0.2094194272963486,4.324257425742574,0
2024-08-15 19:56:48,2024,8,33,228,ambulatory,M,Kumasi,Ashanti,Ghana,6.6885,-1.6244,Dry_Season,7,99.0116358658453,Influenza,188.0,1,0,1,1,0,0,1,0,0,0,1,0,0,0,0,0,0,0,0,1,0,0,0,0,0,0,0,0,0,Hospital_Kumasi,39,5,7,1,1,2.160262363629528,-0.3151907451785956,-1.6339402337002435,1.6415536179262251,8993.0,1.084931837374834,1.0,-0.5046389288092413,0,0.1132224823195428,-1.0820186464792083,0.5297765768814071,0.2095100521699988,1.0774752403760504,0.3684133182910829,-0.2198903470714164,0.1858389529434699,-0.025972082481794,38.23435114503817,0
2024-08-15 19:56:57,2024,8,33,228,emergency,F,Omdurman,Khartoum State,Sudan,15.6445,32.4777,Dry_Season,1,15.772758384668036,Dengue fever,69.0,1,0,0,1,0,0,0,0,0,0,1,0,0,0,0,0,0,0,0,0,0,0,0,0,0,0,0,1,0,Hospital_Omdurman,51,13,2,1,0,-1.2592710491080856,0.1717767359754205,0.661550431157707,-0.6424292256459163,8993.0,1.084931837374834,4.0,-0.4740020740395536,0,0.1104671948214771,-0.4880904953359796,0.3000601437573139,0.3956790760641384,0.1085606696400494,0.3605757269834726,0.0265209322542184,0.0956511287964633,0.4811740521682731,5.581920903954802,0
2024-08-15 19:57:19,2024,8,33,228,outpatient,F,Mombasa,Mombasa County,Kenya,-4.0435,39.6682,Dry_Season,1,42.63381245722108,Meningitis,62.0,1,0,1,0,0,0,0,0,0,0,0,0,0,0,0,1,1,1,0,0,0,0,0,0,0,0,0,0,0,Hospital_Mombasa,49,6,12,1,0,-0.1557930267955266,-0.8987252480531936,1.1455594988004942,-0.6424292256459163,8993.0,1.084931837374834,46.0,-0.0450861072639266,0,0.1018911584510732,-0.3311094579035282,-0.3780763915939105,-1.4211912256193,0.048806860904768,-0.1304820821912478,0.1403068149086483,-0.2943594117777028,0.0118802498657448,41.93970420932878,0
2024-08-15 20:00:51,2024,8,33,228,home,F,Nairobi,Nairobi County,Kenya,-1.2921,36.8219,Dry_Season,1,65.9438740588638,Rift Valley fever,30.0,1,0,1,0,1,0,1,0,0,0,0,0,0,0,0,0,0,0,0,0,0,0,0,0,0,0,0,0,0,Hospital_Nairobi,50,6,15,1,0,0.8018067980917558,-0.7491224870385488,0.9539685094073136,-0.6424292256459163,8993.0,1.084931837374834,7.0,-0.443365219269866,0,0.1437502919800912,-0.1809740350289851,-0.0789899488575658,-0.4765576894900414,0.2290671418015707,-0.3855684007687143,-0.1570007232318239,0.4710966291505556,-0.3128967171987797,9.949536560247168,0
2024-08-15 20:01:24,2024,8,33,228,outpatient,F,Kano,Kano State,Nigeria,12.0022,8.592,Dry_Season,3,42.30527036276523,Meningitis,93.0,1,0,1,0,0,0,0,0,0,0,0,0,0,0,0,1,1,0,0,0,0,0,0,0,1,0,0,0,0,Hospital_Kano,35,10,12,1,0,-0.1692898530800551,-0.0262672185363339,-0.9462508882213796,0.1188983888781307,8993.0,1.084931837374834,88.0,0.3838298595117003,0,0.100021016605518,-0.3328193051507878,-0.4183211245038166,-1.3753202314453865,0.0823598953418989,-0.0293490401622618,-0.1489224134745175,-0.4829206667703616,-0.0121580857613709,69.11337325349301,0
